model,split,target,threshold,log_loss,brier_score,roc_auc,pr_auc,accuracy,precision,recall,f1,tn,fp,fn,tp
logistic_regression,test,rain_next_1h,0.5,0.3708762652178159,0.11227687610234549,0.8898518481647528,0.7730705777862604,0.8440105058810095,0.7872846108140226,0.5679382768966995,0.6598605577689243,6066,358,1008,1325
logistic_regression,test,rain_next_2h,0.5,0.41698825822637087,0.13242369161948672,0.8531142458173621,0.6751941373220616,0.8094096151650109,0.6869369369369369,0.5229318474067723,0.5938184473107813,5868,556,1113,1220
logistic_regression,test,rain_next_3h,0.5,0.42135818197052916,0.13601350667481255,0.8452299136489344,0.6558331138071509,0.8011876213315062,0.6635359116022099,0.5147878268324046,0.5797731112720251,5815,609,1132,1201
