model,split,target,threshold,log_loss,brier_score,roc_auc,pr_auc,accuracy,precision,recall,f1,tn,fp,fn,tp
lstm,test,rain_next_1h,0.5,0.3248127301391204,0.1017007034218187,0.9121736966061547,0.8114688539124135,0.856194183650103,0.7826771653543307,0.6390912987569652,0.7036337895233601,5987,414,842,1491
lstm,test,rain_next_2h,0.5,0.37299587711280013,0.11941698574172757,0.8831648210775039,0.7393782418554337,0.8276849095488894,0.7274725274725274,0.5675096442348907,0.6376113652781122,5905,496,1009,1324
lstm,test,rain_next_3h,0.5,0.3929566101559016,0.12706476035194086,0.8693516798737446,0.701441149293426,0.8141744904969086,0.6996625421822272,0.5332190312901843,0.6052055460958404,5867,534,1089,1244
