model,split,target,threshold,log_loss,brier_score,roc_auc,pr_auc,accuracy,precision,recall,f1,tn,fp,fn,tp
random_forest,test,rain_next_1h,0.5,0.30156691222214893,0.0922348802073463,0.9303366501209833,0.848221074951461,0.877926230444216,0.7653232577665827,0.7813973424774968,0.7732767762460233,5865,559,510,1823
random_forest,test,rain_next_2h,0.5,0.3740843727097024,0.12035197713689673,0.8924382232508932,0.7568304710517006,0.8282516843667923,0.6593617839292579,0.7351050150021432,0.6951763275233077,5538,886,618,1715
random_forest,test,rain_next_3h,0.5,0.39654650899072347,0.12905019853286714,0.8763053812882359,0.7221393331325054,0.8073541167066347,0.6205223880597015,0.712816116588084,0.663474965090764,5407,1017,670,1663
